{
  "accuracy": 0.7610325519597608,
  "classification_report": {
    "Anxiety": {
      "precision": 0.7732997481108312,
      "recall": 0.7994791666666666,
      "f1-score": 0.7861715749039693,
      "support": 768.0
    },
    "Bipolar": {
      "precision": 0.7373572593800979,
      "recall": 0.8129496402877698,
      "f1-score": 0.7733105218135158,
      "support": 556.0
    },
    "Depression": {
      "precision": 0.7884933774834437,
      "recall": 0.6183057448880234,
      "f1-score": 0.6931053301800982,
      "support": 3081.0
    },
    "Normal": {
      "precision": 0.8813559322033898,
      "recall": 0.9066992964209238,
      "f1-score": 0.893848009650181,
      "support": 3269.0
    },
    "Personality disorder": {
      "precision": 0.5168918918918919,
      "recall": 0.7116279069767442,
      "f1-score": 0.598825831702544,
      "support": 215.0
    },
    "Stress": {
      "precision": 0.5129682997118156,
      "recall": 0.688588007736944,
      "f1-score": 0.587943848059455,
      "support": 517.0
    },
    "Suicidal": {
      "precision": 0.6670902160101652,
      "recall": 0.7390896292820273,
      "f1-score": 0.701246660730187,
      "support": 2131.0
    },
    "accuracy": 0.7610325519597608,
    "macro avg": {
      "precision": 0.6967795321130907,
      "recall": 0.7538199131798713,
      "f1-score": 0.7192073967199929,
      "support": 10537.0
    },
    "weighted avg": {
      "precision": 0.7698843218363149,
      "recall": 0.7610325519597608,
      "f1-score": 0.7609621564738257,
      "support": 10537.0
    }
  },
  "predictions": "['Suicidal' 'Bipolar' 'Suicidal' ... 'Normal' 'Normal' 'Suicidal']",
  "probabilities": "[[1.30533343e-02 1.21372665e-02 7.68123365e-02 ... 5.82059514e-03\n  3.37807010e-02 8.17422149e-01]\n [2.68149294e-02 7.18829381e-01 1.36772543e-02 ... 1.44560582e-02\n  1.81632577e-01 1.74010164e-03]\n [2.91339831e-04 1.20262247e-03 1.50774241e-01 ... 8.86808933e-04\n  2.28496424e-03 8.44452150e-01]\n ...\n [1.29408096e-02 1.00414174e-02 3.44099369e-02 ... 1.80004130e-02\n  3.67955082e-02 6.95112581e-02]\n [2.79749897e-02 1.72802560e-02 2.05050169e-02 ... 1.54027435e-02\n  2.15602175e-02 1.80659922e-02]\n [1.98264422e-02 1.94729648e-02 2.37405828e-01 ... 1.70265113e-02\n  9.13162288e-03 6.88180785e-01]]"
}